{
    "random_forest": {
        "accuracy": 0.9886363636363636,
        "avg_confidence": 0.9366637860922861,
        "model_type": "RandomForestClassifier",
        "feature_importance": {
            "N": 0.03690294852951555,
            "P": 0.05035945249947597,
            "K": 0.07910530632996095,
            "temperature": 0.014184000544726091,
            "humidity": 0.09499701652611368,
            "ph": 0.008423646702498505,
            "rainfall": 0.09081929863049168,
            "SFI": 0.04019593712270043,
            "CSI": 0.032511859667283725,
            "NPK_ratio": 0.025329199080519883,
            "nutrient_balance": 0.029339628075583827,
            "climate_stress": 0.02115296113326466,
            "stat_mean": 0.04292067514803629,
            "stat_std": 0.03924019239437827,
            "stat_skew": 0.03007948287441368,
            "stat_kurtosis": 0.02337115531023883,
            "stat_max": 0.04825982476226014,
            "stat_min": 0.003332429122764145,
            "stat_median": 0.04660539597696975,
            "stat_range": 0.03466699164635149,
            "KPCA_1": 0.016339258748227187,
            "KPCA_2": 0.02493402880047227,
            "KPCA_3": 0.036614854836635714,
            "KPCA_4": 0.030181744397532146,
            "KPCA_5": 0.016056995028053883,
            "KPCA_6": 0.0244702915681896,
            "KPCA_7": 0.025069018752660033,
            "KPCA_8": 0.011055440601157665,
            "KPCA_9": 0.014199925627689005,
            "KPCA_10": 0.00928103956183498
        }
    },
    "decision_tree": {
        "accuracy": 0.9409090909090909,
        "avg_confidence": 0.9673079004329005,
        "model_type": "DecisionTreeClassifier_Pipeline",
        "feature_importance": {
            "N": 0.0,
            "P": 0.025919243120684204,
            "K": 0.03614299771469265,
            "temperature": 0.004593605393741137,
            "humidity": 0.08011494273428962,
            "ph": 0.0,
            "rainfall": 0.10163568651187109,
            "SFI": 0.0018016373530908858,
            "CSI": 0.04464041560547872,
            "NPK_ratio": 0.05059428493392262,
            "nutrient_balance": 0.05000153705777315,
            "climate_stress": 0.03659600397456582,
            "stat_mean": 0.07889483636245316,
            "stat_std": 0.006733815402602654,
            "stat_skew": 0.00022868583524667115,
            "stat_kurtosis": 0.008340117612726156,
            "stat_max": 0.09464955805837805,
            "stat_min": 0.00023115224848272453,
            "stat_median": 0.10157016502525096,
            "stat_range": 0.005527704353887143,
            "KPCA_1": 0.05785409123965001,
            "KPCA_2": 0.06826409964037872,
            "KPCA_3": 0.05110567639612262,
            "KPCA_4": 0.04559306750507423,
            "KPCA_5": 0.0,
            "KPCA_6": 0.04475733108872805,
            "KPCA_7": 0.0009200235496047156,
            "KPCA_8": 0.0009254546213261157,
            "KPCA_9": 0.002363866659978221,
            "KPCA_10": 0.0
        }
    },
    "best_model": "random_forest",
    "feature_engineering": {
        "original_features": 7,
        "enhanced_features": 30,
        "domain_features": 5,
        "statistical_features": 8,
        "kpca_components": 10,
        "feature_extraction": "SFI, CSI, Statistical Features, KPCA"
    }
}